Registred_No,Registred_Date,Origin_Code,Origin_No,Origin_Date,Document_Type_Code,Document_No,Document_Date,Description,Received_By_Code_1,Received_Date_1,Return_Date_1,Send_To_Code,Exit_Date,result,Remarks,Storing_File,partition,status
1,1/4/2023,,,,?.?,,,"????? ???????? ??? ??? ??? ???? ???? ?????? ???????  ???????																											 ??????? ???????? ? ?? ??? 1 ?? ????? 2023.																											
???? ????? : - ?????? ?????. --- ??? ????? ?? ??? ?????? ??? ??? ??? ???? ????? ??????? --- ????? 500 - 11-4-2022 --- --- ????? ????? - 11-4-2022",?.?,,,? ?,5/2/2023,,???? ??? 1,16,,
2,1/3/2023,,,,?.?,,,?????? 3-1-2023,?.?,,,?.?.,1/3/2023,,???? 40 ??? -,2,,
3,1/3/2023,,,,?.?,,,??? ???? ???????? 3 -1-2023,?.?,,,?.?.,1/3/2023,,,2,,
4,1/5/2023,,,,,,,"????? ??? ????? ??? ???????? ????????? ???? ?????? (???? ????) ?? ??????																											 ?????? 30 / 12/ 2022 ???? ??????? ???? ???? ???? ?????? 																											
???? ????????? ??????.",?.?,,,?.?.,1/5/2023,,?? ????? ????? ??? ????? 27-28 ?????,2,,
5,1/5/2023,,,,,,,"??? ???????? ??? ??? ???? ????? ??? ????? ?????? 31118 ?? ???? ??? ?????																											
????? ?????? ???? ???? ?? ????????.																											  ( ??? ??? - ??? ????? ) ---  ???? 13-1-2022 ??? ??? ?????? ?????? ?????",?.?,,,?.?.,1/5/2023,,?? ???????? 23-2-2023,2,,
6,1/9/2023,,,,,,,"???? ???????? ??? ??? ?????? ???? ?????? ???? ?????? ??????? ???????? ?																											
???? ????? ?????? ?????.",?.?,,,? ?,1/9/2023,,,16,,
7,1/9/2023,,,,?.?,,,??? ???? 9-1-2023,?.?,,,?.?.,1/10/2023,,,2,,
8,1/10/2023,,,,,,,"????? ???? ????? ???? ??????? ??????? ???? 11 - 2022 ????																											
 ???????? ???????? ????? ?????? ?? ?????? ????????.",?.?,,,?.?.,1/10/2023,,,2,,
9,1/10/2023,?.?,37,1/4/2023,,,,??? ???? ?????? ???????? ????? ?? leased line,?.?,,,,,,,090,,
10,1/10/2023,,,,?.?,,,?????? ???? 12-1-2023,?.?,,,?.?.,1/10/2023,,,2,,
11,1/10/2023,?.?,46,1/4/2023,,,,??? ??? ??? ?????? 125 ?? ??? ?????? - ??????? ?????? ?????? ??????,?.?.,,,?.?,1/24/2023,,,090,,
12,1/10/2023,,,,,,,"???? ????? ?????? ??? ??????? ??????? ??????? ??????? ???????? ?? ??? ?????																											 10-2021? 4-7-10-2022",?.?,,,? ?,1/10/2023,,,23,,
13,1/11/2023,?.?,172,1/11/2023,,,,??? ????? ???? ???????? ??????? ??????? ??? 15 ???,?.?,,,??,1/13/2023,,,090,,
14,1/13/2023,,,,?.?,,,???? ???????? 10-1-2023,?.?,,,?.?.,1/13/2023,,,2,,
15,1/16/2023,,,,,,,???? ????? ??? ????? ???? Fiber Optic Single Mode ?? ???? OLT-2 ?? ?????? ??????? ??? ???? Nokia IP/MPLS Router ?? ??????? ???? ????? FTTX.??? ????,?.?,,,?.?,1/16/2023,,,091,,
16,1/16/2023,,,,?.?,,,???? 16-1-2023,?.?,,,?.?.,1/16/2023,,,2,,
17,1/16/2023,,,,,,,??? ???? 16-1-2023,?.?,,,?.?.,1/16/2023,,,2,,
18,1/17/2023,,,,,,,???? ????? ??? ????? ???? Fiber Optic Single Mode ??? ???? Nokia SAS ?? ??????? ? ???? Nokia Router IP/MPLS ?? ?????? ????? ???? ????? FTTX ? ???????.?,?.?,,,?.?,1/17/2023,,,091,,
19,1/17/2023,?.?,5371-22,1/12/2023,?,1/1,,????? ????? ???? - ?? ?????  - ?????,?.?,,,??,1/17/2023,,,090,,
20,1/17/2023,?.?,2942-19,1/12/2023,?,1-3,,????? ????? ????? ????? - ??????,?.?,,,?.?,1/17/2023,,???? ???????,090,,
21,1/17/2023,?.?,5075-22,1/12/2023,?,1-4,,????? ???? ???? ??????? ????????? ???? ????? ??????,?.?,,,?.?,1/17/2023,,???? ???????,090,,
22,1/17/2023,?.?,208,1/12/2023,?,2-7,,????? ??? ???? ????? e1-pri  ?????? ???? ?? ?? ??????,?.?.,,,?.?,5/26/2023,,,090,,
23,1/17/2023,?.?,213,1/12/2023,,,,??? ?????? ?????? ???????? e1-pri,?.?.,,,,,,,090,,
24,1/17/2023,?.?,217,1/12/2023,,,,??? ?? IDM ???? ?? Erga Group Sal,?.?,,,,,,,090,,
25,1/18/2023,,,,?.?,,,?????? 19-1-2023,?.?,,,?.?.,1/18/2023,,,2,,
26,1/18/2023,?.?,751,,,,,"???? ??? ????? ???  ??????? ?. ????? ???? (30711) ?????? ???? ?????? 																											
??? ????? ????? ????? ???? ?? ????? 23 /1 /2023 ??? 27 /1 /2023",?.?,,,?.?.,1/18/2023,,?????? ??? 28 - ???? 24-4-2023 ??????,2,,
27,1/19/2023,,,,,,,????? ???? ??? ???? ?? ????? ??? 4 - ???? ??? ????? ?????,,,,?.?.,1/19/2023,,,2,,
28,1/19/2023,,,,,,,????? ????  ??? ???? ?? ????? ??? 4 - ???? ??? ????? ????? -  31/ 12/ 2022,?.?,,,?.?.,1/19/2023,,,2,,
29,1/20/2023,,,,,,,"???? ???????? ??? ??? ?????? ???? ?????? ???? ?????? ??????? ???????? ? 																											
???? ??? ????? ?????? ???????? ????? ????? ????? ???? ???????? ?? ?????? ????																											
 ?????? ????  ?? ????? ????.",?.?,,,? ?,1/20/2023,,???? 15-2-2023,090,,
30,1/20/2023,,,,,,,"???? ???????? ??? ??? ?????? ???? ?????? ???? ?????? ??????? ???????? ?																											
???? ????? ?????? ?????.",?.?,,,? ?,1/20/2023,,???? 15-2-2023,16,,
31,1/20/2023,?.?,5967-22,2/13/2023,?,1-14,,?????? ????? Gold Tiger Logistics Solutions - ???? ???????? ????  ?????? 20-2-2023 --- ???? ?? ????? 27-2-2023 : ??? ????? OLT t?? ???? ???????,?.?,,,?.?,1/24/2023,,,090,,
32,1/20/2023,?.?,78,1/18/2023,,,,???? ????????? Rel Line & PAT ?????? FTTX,?.?,,,,,,,090,,
33,1/20/2023,?.?,1,1/11/2023,?,,,????? ??????? PBX ?? ??????? ???????????,?.?,,,??,1/20/2023,,,090,,
34,1/23/2023,,,,?.?,,,???? 23-1-2023,?.?,,,?.?.,1/23/2023,,,2,,
35,1/24/2023,,,,,,,???? ????? 24-1-2023,?.?,,,?.?.,1/24/2023,,,2,,
36,1/24/2023,?.?,502,1/18/2023,?,1-6,,"????? ????? Zina --- ???  4  (100Mbps)  ?????? 2/ 3/ 2023?- ????? ????? ????? 6-3-2023",? . ?,,,?.?,3/2/2023,,,090,,
37,1/24/2023,?.?,2158,1/16/2023,?,1-11,,"????? ????? GIACOM - ???? ???? ?????? 30-1-2023 - ???  5  (400Mbps)  ?????? 30/ 1/ 2023?",?.?,,,?.?,1/30/2023,,???? ??????? ?????? ???????,090,,
38,1/24/2023,?.?,3095,1/17/2023,?,1-5,,???? ????? ISP ?? DSP ??????,?.?,,,,,,,090,,
39,1/24/2023,?.?,6197,1/18/2023,?,1-12,,"????? ????? Micro Smart System - ???? ???? ?????? 30-1-2023---???  6  (200Mbps)  ?????? 30/ 1/ 2023? --- ???? ???? ?????? ??? 7 - 20-6-2023",?.?,,,,,,,090,,
40,1/24/2023,?.?,6594-21,1/20/2023,?,1-22,,"????? ?? ????? ????? MIC2 - ????? ? ?????? ???? - Executed 01/6",?.?,,,?.?,6/1/2023,,,090,,
41,1/24/2023,?.?,,,,769,,????? ?????? 769-?.?-2020 - ??? 114-2020 (629-?.?-2020) : ??? ????? ????? ?????? ??????,?.?,,,?.?.,1/30/2023,,,090,,
42,1/24/2023,,,,,,,"?????? ???????? ????? ???? ????"" ??????? ?????? ?????? ????????? 																											
????? ????? ?? ??? ????? ????? / 2022? ?????? ??????? ??????? 																											
 ??????? ??????? ????????.",?.?,,,?.?.,1/24/2023,,,16,,
43,1/25/2023,,,,?.?,,,??? ???? 25-1-2023,?.?,,,?.?.,1/25/2023,,,2,,
44,1/25/2023,,,,?.?,,,???? ??? ????? 19-1-2023,?.?,,,?.?.,1/25/2023,,,2,,
45,1/30/2023,?.?,371-21,1/20/2023,?,1-17,,"????? ???? Net Pro - ???????? -  ???? ???? ?????? 6-2-2023  ???  17  (2000Mbps)  ?????? 6/ 2/ 2023?",?.?,,,?.?,2/7/2023,,,090,,
46,1/30/2023,?.?,372-21,,?,1-15,,????? CLOUD SP - ???????? - 27-2023 --- ???? ???? ?????? 6-3-2023 ????? - ????? ????? ????? 6-3-2023,? . ?,,,?.?,3/1/2023,,,090,,
47,1/30/2023,?.?,1180-21,1/20/2023,?,1-10,,"????? ????? High Net - ???? ???? ?????? ???? -???  3  (100Mbps)  ?????? 30/ 1/ 2023?",?.?,,,?.?,1/30/2023,,,090,,
48,1/30/2023,,,,,,,???? 30-1-2023,?.?,,,?.?.,1/30/2023,,,2,,
49,1/31/2023,?.?,487,1/7/2023,,,,????? ???? ??????? Myanmar - ????????,?.?.,,,?.?,2/6/2023,,,090,,
50,1/31/2023,?.?,482,1/27/2023,,,,????? ???? DSL  ????? ????? ?????? ?????? - ????? ?????,?.?,,,??,,,,090,,
51,1/31/2023,?.?,2595-20,1/20/2023,?,1-16,,"????? ???? Hi Speed Network - ????? - ???? ???? ?????? 6-2-2023 --- ???  7  (200Mbps)  ?????? 6/ 2/ 2023? --- ???? ???? ?????? ???? 11-4-2023 --- 200M from Capacity 7 (Remaining 600M) Executed 30/05",?.?,,,?.?,5/30/2023,,,090,,
52,1/31/2023,,,,?.?,,,???? 31-1-2023,?.?,,,?.?.,1/31/2023,,,2,,
53,1/31/2023,,,,?.?,,,??? ???? 31-1-2023,?.?,,,?.?.,1/31/2023,,,2,,
54,1/31/2023,?.?,1844-20,1/20/2023,,,,??? ???? VPN ?? ???? GDS  ?????  Eagle Net - ?????,?.?,,,,,,,090,,
55,1/31/2023,?.?,3451,2/7/2023,,,,????? ??? ???? ????? ????? 400 ???,?.?,,,?.?,1/31/2023,,,090,,
56,1/31/2023,,,,,,,????? ??? ?????? ????? ????,?.?,,,??,1/31/2023,,,090,,
57,1/31/2023,?.?,508,1/30/2023,,,,?? ???? ??????? DSL ????? ??????? Sodetet ?? ???????,?.?,,,,,,,090,,
58,1/31/2023,?.?,505,1/30/2023,??,2023-2,,????? ??????? ??? ????? ???????? ???????,?.?,,,??,1/31/2023,,,090,,
59,1/31/2023,?.?,360,1/30/2023,?,1-8,,??? ???? ???? GDS ?? Mentor Arabia,?.?,,,?.?,1/31/2023,,?????? ????? ???,090,,
60,1/31/2023,,,,,,,????? ????? ???? ????? 2023 - ???? ?? ???? - ??? ?? ????,?.?,,,??,1/31/2023,,,090,,
61,2/2/2023,,,,,,,???? ????? 2-2-2023,?.?,,,?.?.,2/2/2023,,,2,,
62,2/2/2023,,,,,,,???? ????? 2-2-2023,?.?,,,?.?.,2/2/2023,,,2,,
63,2/6/2023,?.?,568,2/3/2023,?,1-43,,???? ????? ???? Modern Internet Service Provider,? . ?,,,??,2/6/2023,,- ????? ??????? email,090,,
64,2/6/2023,?.?,398,1/23/2023,?,1-7,,???? ????? ???? FIBER WAVES,? . ?,,,??,2/6/2023,,????? ???????,090,,
65,2/6/2023,,,,?.?,,,???? ????? ??????? ????????? 6-2-2023,?.?,,,?.?.,2/6/2023,,,2,,
66,2/6/2023,,,,?.?,,,???? 6-2-23,?.?,,,?.?.,2/6/2023,,,2,,
67,2/6/2023,,,,,,,"???? ?????? ?????? ????? ?? ????? ?????? ?????? (???? ????? ????? - ????? ????)																											
??????? ???? ???? 30101 ???????? ?????? .",?.?,,,?.?.,2/6/2023,,,2,,
68,2/6/2023,?.?,378-21,2/3/2023,?,1-46,,??? ???? ????? ????? ??????? ????? - ?? ????? ????,?.?,,,?.?,2/8/2023,,,090,,
69,2/8/2023,,,,?.?,,,???? ??? ????? 31-1-2023,?.?,,,?.?.,2/8/2023,,,2,,
70,2/8/2023,,,,?.?,,,???? ??? ????? ??????? 6-7--2-2023,?.?,,,?.?.,2/8/2023,,,2,,
71,2/8/2023,,,,?.?,,,???? ?????? ??????? 6-7---2-2023,?.?,,,?.?.,2/8/2023,,,2,,
72,2/8/2023,,,,?.?,,,???? ???? ??????? 6-7 --2-2023,?.?,,,?.?.,2/8/2023,,,2,,
73,2/8/2023,,,,?.?,,,???? ????? 6-2-2023,?.?,,,?.?.,2/8/2023,,,2,,
74,2/8/2023,?.?,566,2/3/2023,,,,??? ??? ????? ??????? ????? ?? ????? 8 ??? ??? 01-422134,?.?,,,,,,,090,,
75,2/8/2023,?.?,569,2/3/2023,,,,"??? ????? ???? DSL ?????? ?????? ??????-, ?? ?. ????????? 2/8/2023 - ???? 6-4-2023 ??? ????? ?????",?.?,,,??,4/11/2023,,,090,,
76,2/8/2023,?.?,594-21,2/3/2023,?,1-57,,??? ??? ????? 1214 ????? ?????,?.?.,,,,,,,090,,
77,2/8/2023,?.?,1544-22,2/3/2023,?,2-16,,????? ????? ??? ???? ????? e1-pri  ??????  ????? ????????? ?????? ????????,?.?.,,,??,2/21/2023,,,090,,
78,2/8/2023,,,,?.?,,,??? ???? 6 ? 7 -2-2023,?.?,,,?.?.,2/8/2023,,,2,,
79,2/8/2023,?.?,1700-22,2/3/2023,?,2-15,,????? ????? ??? ???? ????? e1-pri  ??????  AKORN TELECOMUNICATIONS LEBANON,?.?.,,,??,2/21/2023,,,090,,
80,2/8/2023,,,,?.?,,,???? 6?7 - 2-2023,?.?,,,?.?.,2/8/2023,,,2,,
81,2/8/2023,?.?,2258-22,2/3/2023,?,2-19,,????? ????? ??? ???? ????? e1-pri  ?????? ?????? ??????,?.?.,,,??,2/21/2023,,,090,,
82,2/8/2023,?.?,2260,2/3/2023,?,2-17,,????? ????? ??? ???? ????? e1-pri  ??????  ????? ??????,?.?.,,,??,2/21/2023,,,090,,
83,2/8/2023,?.?,2260,2/3/2023,?,2-18,,????? ??? ???? ????? e1-pri    ????? ??????,?.?.,,,??,4/6/2023,,,090,,
84,2/8/2023,?.?,3214-22,3/2/2023,?,2-20,,????? ????? ??? ???? ????? e1-pri  ??????  ????????? ????? ?????,?.?.,,,??,2/21/2023,,,090,,
85,2/8/2023,?.?,3650-22,2/3/2023,?,2-25,,????? ????? ??? ???? ????? e1-pri  ??????  ????? ??? ????? ???????? ?????????,?.?.,,,??,2/21/2023,,,090,,
86,2/8/2023,?.?,3650-22,2/3/2023,?,2-26,,????? ??? ???? ????? e1-pri    ????? ??? ????? ???????? ?????????,?.?.,,,??,2/21/2023,,,090,,
87,2/8/2023,?.?,3650-22,2/3/2023,?,2-23,,????? ?????? DDI ?????   ????? ??? ????? ???????? ?????????,?.?.,,,??,2/21/2023,,,090,,
88,2/8/2023,?.?,3844-21,2/3/2023,?,1-56,,????? ??? ????? 1621 ???????? ????,?.?.,,,,,,,090,,
89,2/8/2023,?.?,4526-21,2/3/2023,?,2-13,,????? ????? ??? ???? ????? e1-pri  ?????? ???????? ????????? ???????,?.?.,,,??,2/21/2023,,,090,,
90,2/8/2023,?.?,4526-21,2/3/2023,?,2-14,,????? ??? ???? ????? e1-pri   ???????? ????????? ???????,?.?.,,,,,,,090,,
91,2/8/2023,?.?,5265-22,2/3/2023,?,1-53,,??? ?? 512 ?????? ?????? ?????? ????????,?.?,,,??,2/8/2023,,,090,,
92,2/8/2023,?.?,5422-22,2/3/2023,?,1-60-61,,??? ?? 2 ??? ?????? ?????? ??????? ???????? ( ???? 61-1-2023 : 256 ?????? ?????),?.?,,,,,,,090,,
93,2/8/2023,?.?,5739-22,2/3/2023,?,2-21,,????? ????? ??? ???? ????? e1-pri  ?????? ????? ??????? ?????,?.?.,,,??,2/21/2023,,,090,,
94,2/8/2023,?.?,5739-22,2/3/2023,?,2-22,,????? ?? E1-R2 ??? ???? ????? e1-pri ????? ??????? ?????,?.?.,,,??,5/26/2023,,,090,,
95,2/8/2023,?.?,6595-21,2/3/2023,?,2-32,,????? ????? ??? ???? ????? e1-pri  ?????? ?????? ????? ??????? ????????,?.?.,,,??,2/21/2023,,,090,,
96,2/8/2023,?.?,6595-21,2/3/2023,?,2-33,,????? ??? ???? ????? e1-pri   ?????? ????? ??????? ????????,?.?.,,,??,4/6/2023,,,090,,
97,2/8/2023,?.?,6665-21,2/3/2023,?,1-55,,????? ??? ????? 1630 - ??????? ???????,?.?.,,,,,,,090,,
98,2/8/2023,,,,,,,"????? ????? ?? ???????? 7 ??? ?????? 10 ? ??? ?? ?????? 3 ???? ? ???? ???",?.?,,,?.?.,2/8/2023,,,2,,
99,2/8/2023,,,,,,,"???? ???????? ??? ??? ?????? ???? ?????? ???? ?????? ??????? ???????? ? 																											
???? ??? ????? ?????? ???????? ????? ????? ????? ???? ???????? ?? ?????? ????																											
 ?????? ????  ?? ????? ????.",?.?,,,? ?,2/8/2023,,????,090,,
100,2/13/2023,,,,?.?,,,???? ????? 13-2-2023 ???????? 8 ??????? 10-2-2023,?.?,,,?.?.,2/13/2023,,,2,,
101,2/13/2023,,,,,,,???? ??????? ??? ???? ????? ???? ???? ???????? (?.??? ????).,?.?,,,?.?,2/13/2023,,,19,,
102,2/13/2023,,,,?.?,,,???? ??????? 13-2-2023,?.?,,,?.?.,2/13/2023,,,2,,
103,2/13/2023,,,,?.?,,,?????? ?????? 162-2023,?.?,,,?.?.,2/13/2023,,,2,,
104,2/13/2023,,,,,,,???? ??????? 13-2-2023,?.?,,,?.?.,2/13/2023,,,2,,
105,2/17/2023,,,,,,,???? 15-2 ??? 20-2-2023,?.?,,,?.?.,2/20/2023,,,2,,
106,2/20/2023,,,,,,,"????? ???? ????? ???? ??????? ??????? ???? 1 - 2023 ????																											
 ???????? ???????? ????? ?????? ?? ?????? ????????.",?.?,,,?.?.,2/20/2023,,,2,,
107,2/20/2023,,,,,,,"???? ???????? ??? ??? ?????? ???? ?????? ???? ?????? ??????? ???????? ?																											
???? ????? ?????? ?????.",?.?,,,? ?,2/20/2023,,????,16,,
108,2/20/2023,,,,,,,??? ??????? ???? ????? - ????? ???????,?.?,,,?.?.,2/20/2023,,,2,,
109,2/20/2023,?.?,623,2/8/2023,?,1-63,,???? ????? ???? LIBATECH,? . ?,,,??,2/20/2023,,,90,,
110,2/20/2023,?.?,93-21,2/10/2023,?,1-90,,"????? ????? ???? Modern Internet Service Provider --- ???  1  (5000Mbps)  ?????? 3/ 3/ 2023?",?.?,,,?.?,3/6/2023,,,090,,
111,2/20/2023,?.?,203,2/10/2023,,,,??? gds ????? ??? Unicart - ??????? ????,?.?,,,?.?,2/20/2023,,,090,,
112,2/20/2023,?.?,316,2/10/2023,?,1-91,,????? ????? ?????? ?????? - ????? ????? ????? - ???? ???? ?????? 13-3-2023,?.?,,,,,,,90,,
113,2/20/2023,?.?,4377-21,2/10/2023,?,1-73,,"??? ???? ?? ????? MIC2 - ???? ??????? --- ?????? 18 / 4 / 2022?",?.?,,,?.?,4/25/2023,,,090,,
114,2/20/2023,?.?,1942-22,2/10/2023,?,1-74,,"??? ???? ?? ????? MIC2 -  ????? - ??? ??? --- ?????? 18 / 4 / 2022?",?.?,,,?.?,4/25/2023,,,090,,
115,2/20/2023,?.?,626,2/8/2023,?,2-24,,????? ??? ???? ????? e1-pri  ?????? ???? ????? ?????,?.?.,,,?.?,4/6/2023,,,090,,
116,2/20/2023,?.?,622,2/8/2023,?,2-34,,????? ??? ???? ????? e1-pri  ?????? ????? ???,?.?.,,,,,,,090,,
117,2/20/2023,?.?,621,2/8/2023,,2-35,,????? ??? ???? ????? e1-pri  ?????? ??????? ????? APEC,?.?.,,,?.?,5/26/2023,,,090,,
118,2/20/2023,?.?,1526-22,2/8/2023,?,2-36,,????? ??? ???? ????? e1-pri  ?????? ????? ????? ??????? ??????? ?????? ??????? ?????????? ?? ????? ?????? ????????,?.?.,,,??,3/7/2023,,?? ?????,090,,
119,2/20/2023,?.?,5798-22,2/8/2023,?,2-37,,????? ??? ???? ????? e1-pri  ?????? ??????,?.?.,,,??,3/7/2023,,?? ?????,090,,
120,2/20/2023,?.?,5798-22,2/8/2023,?,2-38,,????? ??? ???? ????? e1-pri ??????,?.?.,,,??,3/7/2023,,,090,,
121,2/20/2023,?.?,680,2/8/2023,?,2-39,,????? ??? ???? ????? e1-pri  ?????? ??????? ?????????,?.?.,,,?.?,4/25/2023,,,090,,
122,2/20/2023,?.?,679,2/8/2023,?,2-40,,????? ??? ???? ????? e1-pri  ?????? ????? ???????,?.?.,,,,,,,090,,
123,2/20/2023,?.?,678,2/8/2023,?,2-41,,????? ??? ???? ????? e1-pri  ?????? ???? ??? ???? ?????,?.?.,,,,,,,090,,
124,2/20/2023,?.?,5566-21,2/10/2023,??,2-29,,??? ??? ???  e1-pri ?????? ??????? ???????,?.?.,,,?.?.?,3/7/2023,,,090,,
125,2/20/2023,?.?,483,2/3/2023,,,,????? ????? ????? DSL ??? ?????? ?????? ??????,?.?,,,,,,email,090,,
126,2/20/2023,?.?,604,2/7/2023,,,,??? ?????? ??? Private Cloud ???? ??????? ????? ??????? ???????,?.?,,,,,,email,090,,
127,2/20/2023,?.?,619,2/8/2023,,,,??? ????? Lease line  ???? 8m ????? ??? ????? ???????,?.?,,,,,,email,090,,
128,2/20/2023,?.?,712,2/15/2023,?.?,2023-1,,??? ??? 1-2023 ????? STM1 ?????? ETISALAT,?.?.,,,,,,email,090,,
129,2/20/2023,?.?,685,2/10/2023,,,,????? ??? ???? DSL ??? IDM ????? GDS,?.?,,,,,,email,090,,
130,2/20/2023,,,,,,,"?????? ???????? ???? ????? ???? ???????? ???????? ??????? ?????? ??																											
?????? ???????? ???? ?? ??? ????? ?????? /2023.",?.?,,,?.?.,2/20/2023,,,2,,
131,2/20/2023,,,,,,,"?????? ???????? ????? ???? ????"" ??????? ?????? ?????? ????????? 																											
????? ????? ?? ??? ????? ?????? / 2023? ?????? ??????? ??????? 																											
 ??????? ??????? ????????.",?.?,,,? ?,2/20/2023,,,090,,
132,2/20/2023,?.?,737,,?,2-44,,????? ??? ???? ????? e1-pri  ?????? ????????? ??????????,?.?.,,,,,,,090,,
133,2/20/2023,?.?,6350,2/16/2023,?,2-43,,????? ????? ??? ???? ????? ??? ????? ???????,?.?.,,,?.?.?,3/7/2023,,,090,,
134,2/21/2023,,,,,,,???? ??? ????? ?????? 16 ??? 20 -2-2023,?.?,,,?.?.,2/21/2023,,,2,,
135,2/21/2023,,,,,,,??? ???? ???????? 21-2-2023,?.?,,,?.?.,2/21/2023,,,2,,
136,2/21/2023,,,,,,,"???? ???????? ??? ??? ?????? ???? ?????? ???? ?????? ??????? ???????? ? 																											 ???? ??? ????? ?????? ???????? ????? ????? ????? ???? ???????? ?? ?????? ????																											
 ?????? ????  ?? ????? ????.",?.?,,,? ?,2/21/2023,,????,16,,
137,2/21/2023,,,,,,,???? ???????? 21-2-2023,?.?,,,?.?.,2/21/2023,,,2,,
138,2/21/2023,,,,,,,"???? ???????? ??? ??? ??? ???? ???? ?????? ??????? 1742 ? ???????																											
??????? ???????? ? ?? ??? 2 ?? ????? 2023.																											
???? ????? : - ?????? ????? (400 ??? ???? ??????? ??? ?? ???)",?.?,,,? ?,2/21/2023,,paid,16,,
139,2/21/2023,,,,,,,??? ??? ???? - ????? ??? ?????,?.?,,,?.?.,5/15/2023,,,2,,
140,2/23/2023,?.?,836,2/21/2023,?,2-45,,????? ??? ???? ????? e1-pri  ??????  Don Baker,?.?.,,,,,,,090,,
141,2/24/2023,?.?,677,2/16/2023,?,1-76,,????? ????? ????? ??? ?? ?? ???? Berytech - ????? - ???????? - ?????? ??????? - 2/24/2023 - ????? ?????? 1 / 5 / 2023,?.?,,,?.?,5/2/2023,,-   ???? ??????? 27-2-2023 - e-mail,090,,
142,2/24/2023,?.?,735,,?,2023-3,,??? ???? ???????? ?????? ????????? ???? ?????? ?????? ????? ?????,?.?,,,??,2/24/2023,,e-mail,090,,
143,2/24/2023,?.?,738,2/16/2023,?,1-84,,???? ????? ????? ????,? . ?,,,??,2/24/2023,,???? ????? 27-2-2023,090,,
144,2/24/2023,?.?,742,2/16/2023,?,1-89,,??? ???? ????? GDS ?? ???? Al Mayadeen,?.?,,,,,,- ?????? ??? ???? - e-mail -   ???? ??????? 27-2-2023,090,,
145,2/24/2023,?.?,757,2/17/2023,?,1-81,,"????? ????? - ????? ???? ?????? ????? B-Smart Net - ???  17  (400Mbps)  ?????? 4/ 4/ 2023?",?.?,,,?.?,4/4/2023,,,090,,
146,2/24/2023,?.?,774,2/17/2023,?,1-88,,??? ???? ???? TediNet ?? Ogero Cache,?.?,,,?.?,3/13/2023,,e-mail,090,,
147,2/24/2023,?.?,879-20,2/17/2023,,,,??? ???? ??????? ??????? ??????? ?? ??? ???? GDS,?.?,,,,,,e-mail,090,,
148,2/24/2023,?.?,6194-20,2/16/2023,?,1-79,,"????? ???? BASIC ISP -???? ???? ??????? 11-4-2023 ---???  9  (100Mbps)  ?????? 11/ 4/ 2023?",?.?,,,?.?,4/13/2023,,,090,,
149,2/24/2023,?.?,10781-19,2/16/2023,?,1-78,2/16/2023,"????? ???? LIBATECH - ???  9  (200Mbps)  ?????? 1/ 3/ 2023? - ???? ????? ????? 6-3-2023",?.?,,,?.?,3/1/2023,,,090,,
150,2/27/2023,?.?,943-22,2/21/2023,,,,??? ????? E1 ???? ????? ????,?.?.,,,?.?,3/7/2023,,,090,,
151,2/27/2023,?.?,863,2/21/2023,,,,??? ????? ????? - ????? 10??? ????? ???? Alfa MIC1 - ??? ????? ???? 8/3/2023 - ???? 2-5-2023 ?? ??????? ?? ?????? - ??????? ????,?.?,,,?.?,5/2/2023,,????? - ??? ?????,090,,
152,2/27/2023,?.?,864,2/21/2023,,,,??? ????? ????? - ????? 10??? ????? ???? Touch MIC2 - ??????? ????,?.?,,,?.?,4/25/2023,,,090,,
153,2/27/2023,?.?,709-21,3/3/2023,?,1-125,2/13/2023,"????? ???? ????? ????? FIBER FAST - ????? - ???  3  (600Mbps)  ?????? 27/ 2/ 2023? --- ???  3  (100Mbps ?? ??? 600Mbps ?? ?????)  ?????? 2/ 5/ 2023? --- ???  3  (100Mbps ?? ??? 600Mbps ?? ?????)  ?????? 13/ 6/ 2023?",?.?,,,?.?,6/13/2023,,,090,,
154,2/27/2023,,,,,,,"???? ?????? ???????? ????? ????? ???? ????? ???? ???? ????? ???																											
???? 7 ???? ????? ?? ???? ?? ??? ????? ??????? .",?.?,,,?.?.,2/27/2023,,,2,,
155,2/27/2023,,,,?.?,,,???? ????? ?? 23 ? 24-2-2023,?.?,,,?.?.,2/27/2023,,,2,,
156,2/28/2023,?.?,903,2/24/2023,,,,??? ????????? ???????? ????? ????? ???? ??????? ?????? ??? ????????? ? ?????? ???? ???? ?? ???????,?.?.,,,? ?,3/1/2023,,,090,,
157,2/28/2023,?.?,4526,2/24/2023,?,2-51,,????? ????? ??? ???? ????? e1-pri  ???????? ????????? ???????,?.?.,,,??,3/7/2023,,?? ?????,090,,
158,2/28/2023,?.?,4526,2/24/2023,?,2-52,,????? ??? ???? ????? e1-pri ????????? ?????,?.?.,,,,,,,090,,
159,2/28/2023,?.?,5840-22,2/23/2023,??,2-43,,??? ?????? ????? ???? IMS ??? ????? ???? ????? ????? LTE,?.?,,,,,,,090,,
160,3/1/2023,?.?,1097-22,2/27/2023,,,,??? ???? MAERSK ????? 10 ddi,?.?.,,,?.?,3/7/2023,,,090,,
161,3/1/2023,,,,,,,"???? ???????? ??? ??? ??? ???? ???? ??????? ???????? ?? 																											??? 2/ 2023 ? ????? ???? ?????.- ?. ??????? 3/1/2023 --- ???? 7-3-2023 ??????? ??????? ?????",?.?,,,?.?,3/7/2023,,????,16,,
162,3/1/2023,,,,,,,"???? ???????? ??? ??? ?????? ???? ?????? ???? ?????? ??????? ???????? ?																											
???? ????? ?????? ?????.																											
???? ??? ????? ?????? ???????? ????? ????? ???? ?????? ???????? ?? ???? ???? 																											
?????? ???? ?? ????? ????.",?.?,,,? ?,3/1/2023,,????,16,,
163,3/2/2023,,,,,,,??? ???? ???? ???? ????? ????? 20966,?.?,,,?.?.,3/2/2023,,,2,,
164,3/2/2023,,,,,,,???? ???? ????? ????? ????? ?????? ?????? ??????,?.?,,,??,3/2/2023,,??? ??????? ?? ????? ??????,090,,
165,3/2/2023,,,,?,1-82,,"????? ???? ????? ????? C.T Vision - ???  2  (100Mbps)  ?????? 2/ 3/ 2023?",?.?,,,?.?,3/6/2023,,email,090,,
166,3/6/2023,?.?,375-21,2/24/2023,?,1-126,,"????? ????? FIBER WAVES -  - ???? ?????? - ???  5  (100Mbps)  ?????? 7/ 3/ 2023?",?.?,,,?.?,3/7/2023,,,090,,
167,3/6/2023,?.?,772-19,2/27/2023,,,,??? GDS - DSP ?????? ??? Murex Systems- ??????? ????,?.?,,,?.?,3/6/2023,,,090,,
168,3/6/2023,?.?,859,2/21/2023,,,,????? ????? ???? ??????? ??????,?.?,,,??,3/6/2023,,,090,,
169,3/6/2023,?.?,917,2/24/2023,?,1-85,,???? ????? WIMAX,? . ?,,,??,3/6/2023,,,090,,
170,3/6/2023,?.?,920,2/24/2023,,,,??? ???? ??????? ???? ????? ???????? ???? ?????? - ??????? ????,?.?,,,?.?,3/6/2023,,,090,,
171,3/6/2023,?.?,981,2/28/2023,,,,??? ??? 2-2023 ????? ???? MIC2 64 ?????? ???????? GSM Roaming ??? ????? - ????? ????,?.?.,,,,,,,090,,
172,3/6/2023,?.?,1080,3/2/2023,?,1-138,,???? ????? SMART NETWORD,? . ?,,,??,3/6/2023,,????? ???????,090,,
173,3/6/2023,,,,?.?,,,??? ?????? ?? ???????? 28 ??? 3-3-2023,?.?,,,?.?.,3/6/2023,,,2,,
174,3/6/2023,,,,,,,"???? ???????? ??? ??? ??? ???? ???? ?????? ??????? 1742 ? ???????																											
??????? ???????? ? ?? ??? 3 ?? ????? 2023.																											
???? ????? : - ?????? ????? (400 ??? ???? ??????? ??? ?? ???)",?.?,,,? ?,3/6/2023,,????,16,,
175,3/6/2023,?.?,1758-21,2/23/2023,?,1-135,,"????? ????? TOP NET - ???? ???? ?????? 11-4-2023 - ???  6  (800Mbps)  ?????? 17/ 5/ 2023?",? . ?,,,?.?,5/17/2023,,,090,,
176,3/6/2023,?.?,1844-20,2/24/2023,?,1-121,,????? ???? ????? gds ?? Eagle Net,?.?,,,,,,????? ???????,090,,
177,3/6/2023,?.?,2370-20,2/24/2023,?,1-128,,"????? ???? ISHACK - ???? ????? ???? 17-5-2023 -- ???  5  (100Mbps)  ?????? 18/ 5/ 2023?",?.?,,,?.?,5/19/2023,,,090,,
178,3/6/2023,?.?,3014-21,2/24/2023,?,1-112,,????? ????? FIBER-TECH - ???? ???? ?????? 3-5-2023,? . ?,,,,,,????? ???????,090,,
179,3/6/2023,?.?,6015-22,2/24/2023,?,1-122,,"??? ???? ????? GDS ?? ?????? ????? - ????? ?????? 1 / 3 / 2022?",?.?,,,?.?,3/6/2023,,,090,,
180,3/6/2023,?.?,7141-19,3/2/2023,?,1-77,,"????? ????? ????? STN - ???? ???????? ???? --- ???  3  (100Mbps)  ?????? 6/ 4/ 2023?",?.?,,,?.?,4/6/2023,,,090,,
181,3/6/2023,,,,,,,??? ??? ??????? ????? ?????? ????- ????? ????? ??????? 11-4-2023 --- ???? ???? ????? ????? ??? ???? ?????????? ???? ???????,?.?,,,?.?.,3/6/2023,,???? 18-4-2023 ???? ????? ????? ??? ???? ?????????? ???? ???????,2,,
182,3/6/2023,?.?,8592-19,2/24/2023,?,1-123,,??? ???? ????? ????? MOSCANET -?????? ??????? 3/9/2023 - ???? ???? ?????? 11-4-2023,?.?,,,,,,,090,,
183,3/6/2023,?.?,10403-19,2/24/2023,?,1-114,,"????? ????? ?? ?? - ???? ???? ?????? 6-4-2023 - ???  3  (100Mbps)  ?????? 6/ 4/ 2023?",?.?,,,?.?,4/6/2023,,,090,,
184,3/6/2023,?.?,2,,?,,,?????? open text ??????? ??????????,?.?,,,??,5/4/2023,,?? ????? ????????,090,,
185,3/6/2023,?.?,4,,?,,,????? ????? ???? ????,?.?,,,??,3/6/2023,,,090,,
186,3/7/2023,,,,,,,???? ????? ???? 7-3-2023,?.?,,,?.?.,3/7/2023,,,2,,
187,3/7/2023,?.?,3117-21,2/24/2023,?,1-124,,????? ???? ????? ????? ????? Pesco Telecom - ?????? ????,?.?,,,?.?,3/7/2023,,???? ???? ??? -  ????? ????? 20-6-2023,090,,
188,3/7/2023,?.?,919,2/24/2023,?,1-86,,???? ????? Remini Telecom,? . ?,,,??,3/7/2023,,,090,,
189,3/7/2023,,,,?.?,,,??? ???? 7-3-2023 ????????,?.?,,,?.?.,3/7/2023,,,2,,
190,3/8/2023,,,,?.?,,,???? ??? ????? ???????? 7-3-2023,?.?,,,?.?.,3/8/2023,,,2,,
191,3/9/2023,,,,,,,"???? ???????? ??? ??? ???? ?????? ?????? ????? ????? ???? ??????? ???????? 																											
??? ???? ?????? ???? ??????? ???? ???? ??????? ???????? ???????.",?.?,,,?.?,3/9/2023,,,090,,
192,3/9/2023,,,,?.?,,,???? ???? ?????? 10-3-2023,?.?,,,?.?.,3/9/2023,,,2,,
193,3/9/2023,?.?,2828-21,3/8/2023,?,1-164,,"????? ????? Energy Bridge - - ???? ?????? 13-3-2023 ??????? ---???  4  (4000Mbps)  ?????? 22/ 3/ 2023? ???? ???? ?????? ??? 5 - 20-6-2023",?.?,,,,,,????,090,,
194,3/9/2023,?.?,7938-19,3/8/2023,?,1-166,,"????? ???? Chawich Group - ???? ?????? 13-3-2023 ???????--- ???  7  (300Mbps)  ?????? 23/ 3/ 2023?",?.?,,,?.?,3/23/2023,,resend,090,,
195,3/9/2023,?.?,4032-22,3/8/2023,?,1-149,,????? ????? Royal Tulip Hote/A.G.M.K,? . ?,,,,,,,090,,
196,3/9/2023,?.?,1170,3/8/2023,?,1-157,,"??? ???? Zina ?? Ogero Cache ---  ??????  3 / 4 / 2023?",?.?,,,?.?,4/3/2023,,,090,,
197,3/13/2023,?.?,5964-22,3/7/2023,?,1-80,,????? ??????? ??????? ???????? (AOU)- ???? ???? ?????? 3-4-2023,?.?,,,?.?,3/13/2023,,???? ????? - ????? ????,090,,
198,3/13/2023,?.?,1052,3/21/2023,?,1-120,,"??? ???? Speedbit ?? Ogero Cache -  ??????  10 / 3 / 2023?",?.?,,,?.?,3/23/2023,,,090,,
199,3/13/2023,?.?,1112,3/7/2023,?,2-55,,????? ?? E1-R2 ??? E1-pri ????? ?????? ??????????,?.?.,,,?.?,5/8/2023,,,090,,
200,3/13/2023,?.?,1113,3/7/2023,??,2-46,,???? ???? ?????? ?????????? ??? ???? ????? VPN - ????? ??? ?????? 13-4-2023,?.?,,,??,3/15/2023,,,090,,
201,3/14/2023,,,,,,,"?????? ???????? ???? ????? ???? ???????? ???????? ??????? ?????? ??																											
?????? ???????? ???? ?? ??? ???? /2023.",?.?,,,?.?.,3/14/2023,,,2,,
202,3/14/2023,,,,?.?,,,???? ????? ???? 16-3-2023,?.?,,,?.?.,3/14/2023,,,2,,
203,3/14/2023,,,,,,,"???? ???????? ??? ??? ?????? ???? ?????? ???? ?????? ??????? ???????? ? 																											
???? ??? ????? ?????? ???????? ????? ????? ????? ???? ???????? ?? ?????? ????																											
 ?????? ????  ?? ????? ????.",?.?,,,? ?,3/14/2023,,????,16,,
204,3/15/2023,,,,?.?,,,???? ????? ??????? 13 ? 14 - 3-2023,?.?,,,?.?.,3/15/2023,,,2,,
205,3/15/2023,,,,,,,???? ???? ??????? 13-3-2023,?.?,,,?.?.,3/15/2023,,,2,,
206,3/15/2023,?.?,1175,3/9/2023,,,,??? GDS-DSP ??? Bankers Assurance SAL,?.?,,,?.?,3/16/2023,,,090,,
207,3/15/2023,?.?,1185,3/9/2023,?,2-56,,????? ??? ???? ????? e1-pri  ?????? ???? ???? ???????,?.?.,,,,,,,090,,
208,3/15/2023,?.?,1186,3/9/2023,?,2-57,,????? ??? ???? ????? e1-pri  ?????? ???? ?????,?.?.,,,,,,,090,,
209,3/15/2023,?.?,1188,3/9/2023,,,,??? ???? WiFast ??? ??????? ?? ????? ??? ????? ????,?.?,,,?.?,3/16/2023,,,090,,
210,3/16/2023,,,,?.?,,,???? ???? ????? 15-3-2023,?.?,,,?.?.,3/16/2023,,,2,,
211,3/16/2023,,,,,,,"???? ????? ???? Fiber Patch Cord SM  ??? ????  ??? SPO 																											 ?Ericsson ?? ?????? ?????? ??????? ???? ???????? ??? ???? ???? ??? 																											
?????? ???? ??????? ???? ???????? --- ???? ?????? 875-2022 ?????? ??????? -3/16/2023 - ???? ????? ????? ?????? ????? ????? ??? ????? ????? ?????? ?? ??????																											
???????? ???? ????? ??????? ??????? ??? ??????????.",?.?,,,?.?,3/16/2023,,,091,,
212,3/16/2023,?.?,260,,,,,?????? ????? ?????? ?? ?????? ???????? - ?????? 160 ???,?.?,,,?.?,5/2/2023,,,19,,
213,3/17/2023,,,,,,,"????? ???? ????? ???? ??????? ??????? ???? 2 - 2023 ????																											
 ???????? ???????? ????? ?????? ?? ?????? ????????.",?.?.,,,?.?.,3/17/2023,,,2,,
214,3/17/2023,?.?,1126,3/13/2023,?,1/172,,"????? ????? SME - ???? ???? ?????? 15-5-2023 -???  2  (300Mbps)  ?????? 18/ 5/ 2023?",? . ?,,,?.?,5/18/2023,,,090,,
215,3/17/2023,?.?,1264,3/13/2023,,,,??? Fiberwaves  ???? ??????? ?????????? REALTIME VPN - ??????? ????,?.?,,,?.?,3/17/2023,,????? ???????,090,,
216,3/17/2023,?.?,2237-20,3/15/2023,?,1-181,,"????? ???? ????? ????? Masco Group -???  57, 58, 59, 60, 62  (6000Mbps)  ?????? 21/ 3/ 2023?",?.?,,,?.?,3/23/2023,,,090,,
217,3/17/2023,?.?,2499-20,3/13/2023,?,1-173,,????? ???? ????? ????? SMART NETWORK -,?.?,,,,,,,090,,
218,3/17/2023,?.?,3208-21,3/13/2023,?,1-167,,"????? ????? - ????? - ?? 360 --- ???  14  (500Mbps)  ?????? 18/ 4/ 2023?",? . ?,,,?.?,4/25/2023,,,090,,
219,3/17/2023,?.?,5035-22,3/13/2023,?,1-154,,????? ???? ???????? ????????? SEG - ???? ????? ?????? 30-5-2023,? . ?,,,?.?,5/26/2023,,????? ???????,090,,
220,3/23/2023,?.?,371-21,3/16/2023,,,,??? leased Line ??? ????? NetPro ISP - IDM ISP  4000M - ???????? - ??????? ????,?.?,,,?.?,4/11/2023,,,090,,
221,3/23/2023,?.?,372-21,3/16/2023,?,1-178,,???? ????? ISP  ?? DSP ?????? - CloudSP ISP - ?????,?.?,,,??,3/23/2023,,,090,,
222,3/23/2023,?.?,918,3/16/2023,?,1-87,,??? ???? Remini Telecom ?? Ogero Cache - ?????,?.?,,,,,,,090,,
223,3/23/2023,?.?,1205-21,3/16/2023,,,,??? ???? Fibernetlb - 100E1 - ???????,?.?,,,?.?,3/23/2023,,,090,,
224,3/23/2023,?.?,6720-19,3/16/2023,?,1-182,,"????? ????? BRAVENET-???  4  (200Mbps)  ?????? 23/ 3/ 2023?",?.?,,,?.?,3/23/2023,,resend,090,,
225,3/23/2023,,,,,,,"???? ???????? ??? ??? ?????? ???????? ?????? ??????? ???????? ? 																											???? ????? ( ?????? ? ??? ????? ??? 2) - ?. ???????  3/23/2023  ?????? ??????? ??????? ????????",?.?,,,?.?,3/23/2023,,,16,,
226,3/23/2023,,,,?.?,,,???? 14-3-2023,?.?,,,?.?.,3/23/2023,,,2,,
227,3/23/2023,?.?,1,,??,,,???? ????? 2023,? . ?,,,??,3/23/2023,,,090,,
228,4/3/2023,?.?,4617,3/21/2023,?,1-174,,"????? ???? ?????? ????? ICLICK - ???  7  (300Mbps)  ?????? 3/ 4/ 2023?",?.?,,,?.?,4/4/2023,,,090,,
229,4/3/2023,?.?,1049,3/21/2023,?,1-134,,"??? ???? ???? Xtreme Broadband  ?? Ogero Cache - ???????? - ??????  5 / 1 / 2023?",?.?,,,?.?,5/2/2023,,,090,,
230,4/3/2023,?.?,1051,3/12/2023,?,1-132,,??? ???? ???? High Net  ?? Ogero Cache - ???????? - Executed 6/4,?.?,,,?.?,4/11/2023,,,090,,
231,4/3/2023,?.?,1125,3/21/2023,?,1-133,,??? ???? ???? Skynet  ?? Ogero Cache - ???????? - executed 11/05,?.?,,,?.?,5/16/2023,,,090,,
232,4/3/2023,?.?,1160,3/21/2023,?,1-158,,??? ???? ???? Lebanon Online  ?? Ogero Cache - ???????? ----- Executed 13/4,?.?,,,?.?,4/13/2023,,,090,,
233,4/3/2023,?.?,1162,3/21/2023,?,1-159,,"??? ???? ???? Fiber Fast  ?? Ogero Cache - ???????? - ??????  13 / 4 / 2023?",?.?,,,?.?,4/18/2023,,,090,,
234,4/4/2023,,,,,,,"???? ???????? ??? ??? ??? ???? ???? ?????? ??????? 1742 ? ???????																											
??????? ???????? ? ?? ??? 4 ?? ????? 2023.																											
???? ????? : - ?????? ????? (500 ??? ???? ??????? ??? ?? ???)",?.?,,,? ?,4/4/2023,,????,16,,
235,4/4/2023,,,,,,,"???? ???????? ??? ??? ??? ????? ???? ??????? ???????? ?? 																											
??? 3/ 2023 ? ????? ???? ?????.",?.?,,,? ?,4/4/2023,,]????,16,,
236,4/4/2023,,,,?,192-1,,"????? ???? ?????? ????? FERRARI NETWORKS - ???  7  (3000Mbps)  ?????? 6/ 4/ 2023?",?.?,,,?.?,4/11/2023,,,090,,
237,4/4/2023,,3,,?,,,????? ???? 2022-2023,? . ?,,,??,4/4/2023,,,090,,
238,4/6/2023,,,,,,,"?????? ???????? ????? ???? ????"" ??????? ?????? ?????? ????????? 																											
????? ????? ?? ??? ???? / 2023? ?????? ??????? ??????? 																											
 ??????? ??????? ????????.",?.?,,,?.?.,4/6/2023,,,16,,
239,4/6/2023,?.?,370,4/4/2023,?,1-26,,????? ???? ????? Masco Group - ?????? ???? - ???? ????- ????? - Executed today 01/05,?.?,,,?.?,5/2/2023,,,090,,
240,4/6/2023,?.?,370,,?,1-27,,????? ???? ????? Masco Group - ?????? ???? - ???? - ??? ???? - ?????,?.?,,,?.?,5/23/2023,,,090,,
241,4/6/2023,?.?,458-21,4/4/2023,?,1-201,,"????? ???? ?????? ?????? ????? - ???  63 (3000Mbps) ? ????? 64  (4000Mbps)  ??????4/13/2023 ---???  63  (3000Mbps)  ?????? 18/ 4/ 2023?",?.?,,,?.?,4/18/2023,,,090,,
242,4/6/2023,?.?,1126,7/3/2023,?,1-140,,???? ????? SME,? . ?,,,??,4/6/2023,,,090,,
243,4/6/2023,?.?,3215-21,4/4/2023,?,1-175,,"????? ????? ??? ???? WEB LIGHT --- ???  8  (100Mbps)  ?????? 12/ 6/ 2023?",?.?,,,?.?,6/13/2023,,REOUT,090,,
244,4/6/2023,?.?,1505,,?,179-1,,????? ?????? ????? Pesco Telecom,?.?,,,?.?,4/28/2023,,,090,,
245,4/6/2023,?.?,10970-22,4/4/2023,?,2-70,,????? ?????? DDI ????? Maersk Lebanon,?.?.,,,??,5/8/2023,,,090,,
246,4/6/2023,?.?,1271,4/4/2023,?,1-191,,????? ????? SKYNET - ???? ?????? ???????? ????? 19-4-2023 - ?????? ??????? 4/6/2023 ---Executed 01/06,?.?,,,?.?,6/1/2023,,,090,,
247,4/11/2023,,,,,,,????? ???? ???????? 5-4-2023 - ????,?.?,,,?.?.,4/11/2023,,,2,,
248,4/11/2023,?.?,1526,4/4/2023,?,1-200,,"????? ????? WIFAST - ???  3  (200Mbps)  ?????? 9/ 6/ 2023?",?.?,,,?.?,6/9/2023,,REOUT,90,,
249,4/11/2023,,,,,,,"???? ???????? ??? ???? ????? ?????? ???? ?????? ??????																											
?. ??? ?????? ?????? ?  ?? ?????? ???????? ? ???? ??????? ??????.",?.?,,,?.?.,4/11/2023,,,2,,
250,4/11/2023,?.?,1766-21,4/4/2023,?,1-214,,?????? ????? ???? vpn Default ????? MIC1,?.?,,,?.?.?,4/11/2023,,,090,,
251,4/11/2023,?.?,1766-21,4/4/2023,?,1-215,,?????  ????? MIC1 = ???? ????,?.?,,,?.?.?,4/11/2023,,,090,,
252,4/11/2023,?.?,3334-22,3/8/2023,?,1-163,,????? ???? GDS ???? ????,,,,?.?,4/11/2023,,,090,,
253,4/11/2023,?.?,1454,3/23/2023,,,,???? ??? ????? DSLAM ? GDS  ??? ???? IP-MPLS ???? ????,?.?,,,??,4/11/2023,,,090,,
254,4/11/2023,?.?,1453,3/23/2023,,,,??? ???? GDS- DSP  ???? Brent SAL - ???? ??? ?????? 2-5-2023 ???????? - ?????? ??????? 4/11/2023 - ???? ??????? ????,?.?,,,?.?,5/2/2023,,,090,,
255,4/11/2023,?.?,6,,,,,????? ???? ???? ??????? ??????,?.?,,,??,4/11/2023,,,090,,
256,4/11/2023,?.?,8,,,,,????? ???? ???? ????? ??????,?.?,,,??,4/11/2023,,,090,,
257,4/11/2023,?.?,1172,3/8/2023,?,1-165,,???? ????? WIFAST,? . ?,,,??,4/11/2023,,,090,,
258,4/11/2023,?.?,1420,3/23/2023,?,1-162,,"??? ???? Power Vision  ?? ogero Cache - ???????? -??????  5 / 1 / 2023?",?.?,,,?.?,5/2/2023,,,090,,
259,4/11/2023,?.?,1433,3/23/2023,?,1-161,,"??? ???? iClik  ?? Ogero Cache - ????????-??????  5 / 1 / 2023?",?.?,,,?.?,5/2/2023,,,090,,
260,4/11/2023,?.?,1434,3/23/2023,,,,??? GDS ????? 3Gbps ???? OLT ????? Router ?? ??? ???? - ?????? ????,?.?,,,?.?,4/26/2023,,,090,,
261,4/11/2023,?.?,1435-1527,3/23/2023,?,1-197,,??? ???? WiFast  ?? Ogero Cache - ????????,?.?,,,,,,,090,,
262,4/11/2023,?.?,1489,4/3/2023,,,,IDM ??????? ?????? ?????,?.?,,,??,4/11/2023,,,090,,
263,4/11/2023,?.?,6850-21,4/4/2023,?,1-241,,????? ???? ISP ?? GDS-DSP,?.?,,,,,,,090,,
264,4/11/2023,?.?,10,,,,,????? ???? ??????? ??????? ????? ??????? ?? ?????? ?????,?.?,,,??,4/11/2023,,,090,,
265,4/13/2023,,,,,,,"????? ???? ????? ???? ??????? ??????? ???? 3 - 2023 ????																											
 ???????? ???????? ????? ?????? ?? ?????? ????????.",?.?,,,?.?.,4/13/2023,,,2,,
266,4/13/2023,,,,,,,"?????? ???????? ???? ????? ???? ???????? ???????? ??????? ?????? ??																											
?????? ???????? ???? ?? ??? ???? /2023.",?.?,,,?.?.,4/13/2023,,,2,,
267,4/13/2023,?.?,1738-18,,,,,??? ????? e1- BRITISH COUNCIL  ?????? ??????? ?????????,?.?.,,,?.?,5/8/2023,,,090,,
268,4/13/2023,?.?,943-22,4/6/2023,?,2-71,,??? ??? ???? ????? e1-pri  ????? ????,?.?.,,,,,,,090,,
269,4/13/2023,?.?,943-22,4/6/2023,?,2-72,,??? ??? ???? ????? e1-pri  ????? ????,?.?.,,,,,,,090,,
270,4/13/2023,?.?,943-22,4/6/2023,?,2-73,,??? ??? ???? ????? e1-pri  ????? ????,?.?.,,,,,,,090,,
271,4/13/2023,?.?,1547,4/3/2023,??,2023-10,,????? ????? ????,? . ?,,,??,4/13/2023,,,090,,
272,4/13/2023,?.?,1557,4/5/2023,?,2023-9,,????? ??? ??? ??? ???????? ??????? ????????,?.?,,,??,4/13/2023,,,090,,
273,4/13/2023,?.?,1602,4/6/2023,,,,??? ????? ????? DSL  2 ???,?.?,,,,,,,090,,
274,4/18/2023,,,,?.?,,,???? ????? ???? 13-4-2023,?.?,,,?.?.,4/18/2023,,,2,,
275,4/18/2023,,,,,,,???? 12-4-2023,?.?,,,?.?.,4/18/2023,,,2,,
276,4/18/2023,,,,,,,??? ???? 13-4-2023,?.?,,,?.?.,4/18/2023,,,2,,
277,4/19/2023,?.?,2493-22,4/13/2023,?,1-129,,??? ???? iShack  ?? Ogero Cache - ???????? - Executed 01/05,?.?,,,?.?,5/2/2023,,,090,,
278,4/25/2023,,,,,,,"???? ????? ???? Fiber Optic Patch Cord Multimode ?? ?????? 																											
??????? ??? ???? Nokia Router ? SPO Ericsson ? ???????.",?.?,,,?.?,4/25/2023,,,091,,
279,4/25/2023,?.?,2726-2021,4/13/2023,?,1-240,,??? ???? ????? ?????? ??????? - ??????,?.?,,,?.?,4/25/2023,,,090,,
280,4/25/2023,?.?,1977,,,,,"???? ??? ????? ???  ??????? ?. ????? ???? (30711) ?????? ???? ?????? 																											
??? ????? ????? ????? ???? ?? ????? 25 /4 /2023 ??? 28 /4 /2023																											
????? ??? ????? ?????? ?? ???  ???? ???? ???? ?????? ????????? ???????																											
??? ??????? ???? ?????? ?????? ????????.",?.?,,,?.?.,4/25/2023,,???? ??? ??????,2,,
281,4/25/2023,,,,?.?,,,???? ???????? 25 ??? 28-4-2023,?.?,,,?.?.,4/25/2023,,,2,,
282,4/25/2023,,,,?.?,,,???? ???????? 19 ??? 20-4-2023,?.?,,,?.?.,4/25/2023,,,2,,
283,4/25/2023,,,,?.?,,,???? ???????? 19-4-2023,?.?,,,?.?.,4/25/2023,,,2,,
284,4/25/2023,?.?,1756-1757,4/20/2023,??,12-11,,??? ??? 21-24-2023  - ??? ??????  1-5-2023,?.?,,,??,4/25/2023,,,090,,
285,4/25/2023,?.?,566,4/13/2023,?,1-254,,????? ???? ????? 2 ??? ????? ??? ????? ???????,?.?,,,,,,,090,,
286,4/25/2023,?.?,619,4/19/2023,?,1-253,,????? ??? ????? 2 ??? ????? ??? ????? ???????,?.?,,,,,,,090,,
287,4/25/2023,?.?,9327,4/13/2023,?,1-255,,????? ???? ????? ????? ???? ???,?.?,,,??,4/26/2023,,?? ??? ?????? ?? ??????,090,,
288,4/25/2023,,,,,,,"???? ????? ???? ????? ??? ?????? ??????? ??????? ?????? ??????? ?? ???? 																											
??? ????? ?? ???? 6 ? 7.",?.?,,,?.?,4/25/2023,,,19,,
289,4/25/2023,,,,?.?,,,??? ???? ???????? 25,?.?,,,?.?.,4/25/2023,,,2,,
290,4/26/2023,?.?,1782,4/25/2023,,,,mic2 Summer 2023 fiber links upgrade- ????? ????????? ??????,?.?,,,?.?,4/26/2023,,,090,,
291,4/26/2023,?.?,1784,4/25/2023,,,,????? ????????? ?????? - ???  GDS - DSP ??? ???? Cirrus ????? Bank Med --- ??????? ???? ??? ?????,?.?,,,?.?,4/26/2023,,,090,,
292,4/26/2023,,,,,,,"???? ???????? ??? ??? ?????? ???? ?????? ???? ?????? ??????? ???????? ?																											
???? ????? ?????? ?????.																											
???? ??? ????? ?????? ???????? ????? ????? ???? ?????? ???????? ?? ???? ???? 																											
?????? ???? ?? ????? ????.",?.?,,,? ?,4/26/2023,,????,26,,
293,4/27/2023,,,,,,,"?????? ???????? ????? ???? ????"" ??????? ?????? ?????? ????????? 																											
????? ????? ?? ??? ???? / 2023? ?????? ??????? ??????? 																											
 ??????? ??????? ????????.",?.?,,,?.?.,4/27/2023,,,090,,
294,4/28/2023,?.?,598-22,4/4/2023,?,1-194,,????? ???? ????? ????? ??? ?? - ?????? ??????? 4/28/2023 - Executed 01/06,?.?,,,?.?,6/1/2023,,????? ????? 20-6-2023,090,,
295,5/2/2023,?.?,1860,4/27/2023,,,,??????? ???? ???? MIC2 Pending urgent fiber activities,?.?,,,?.?,5/2/2023,,,090,,
296,5/2/2023,?.?,1872,4/27/2023,?,1-220,,"????? ???? ????? ????? ????? ???? ????? ??????? ??????? ?? ????? - ???????? -???  3  (600Mbps) Dedicated  ?????? 2/ 5/ 2023?- ????? ?????",?.?,,,?.?,5/2/2023,,,090,,
297,5/2/2023,?.?,1783,4/25/2023,,,,???? CT vision ??? ???? DSP Ogero E1,?.?,,,??,5/2/2023,,,090,,
298,5/2/2023,?.?,1795,4/25/2023,,,,??? ????? ?????? ????? Sodetel  - OTV IN ????? OLT,?.?,,,??,5/2/2023,,,090,,
299,5/2/2023,?.?,1887,4/27/2023,,,,???? ??? ??? ??? ????? ???? ?? ??? ?????? ?????? ?????? VLANs ???????????? ???? IP/MPLS - ???? ?????? - ????? ???? - 5/3/2023 --- ???????? ????? ??? ??????? 4 ?????? ??? ??? ???????? - ?? ??????? 17-5-2023 - ?????? ????? 23-5-2023,?.?,,,??,5/16/2023,,?? ??????? ??? ???? ???????,090,,
300,5/2/2023,,,,,,,"???? ???????? ??? ??? ??? ???? ???? ?????? ??????? 1742 ? ???????																											
??????? ???????? ? ?? ??? 5 ?? ????? 2023.																											
???? ????? : - ?????? ????? (????? ???? ??????? ??? ?? ???)",?.?,,,? ?,5/2/2023,,paid,16,,
301,5/3/2023,?.?,1902,4/28/2023,,,,???? ????? ??? ????????? ??? ????? ??? ???? 56 ?? ????? ????????,?.?,,,??,5/3/2023,,,090,,
302,5/3/2023,?.?,1522,4/4/2023,?,1-160,,??? ???? ???? WebLite ISP ?? Ogero Cache,?.?,,,,,,???? ???????,090,,
303,5/3/2023,,,,?.?,,,???? ???????? 3-5-2023,?.?,,,?.?.,5/3/2023,,,2,,
304,5/3/2023,?.?,2053,5/5/2023,?,1-183,,"??? ???? ???? SME ?? Ogero Cache - ??????  10 / 5 / 2023?",?.?.,,,?.?,5/16/2023,,,090,,
305,5/3/2023,?.?,1866,5/3/2023,?,1-209,,????? ???? OFFSHORE WME ????? DIWANEE,? . ?,,,,,,,090,,
306,5/3/2023,?.?,1867,4/27/2023,,,,??? ???? ????? ????? Leased Line  ????? Eagle Net ISP - ???? ???? - ????? ????????? ??????,?.?,,,?.?,5/4/2023,,,090,,
307,5/3/2023,?.?,1907,4/28/2023,,,,??? ???? ?? ???? GDS - DSP ???? World Food Program-WFP - ??????? ??? ???? ????????? ??????,?.?,,,?.?,5/4/2023,,????? ???????,090,,
308,5/3/2023,?.?,1908,4/28/2023,,,,??? ???? ?? ???? GDS - DSP ???? Murex - ????? ????????? ??????,?.?,,,?.?,5/4/2023,,,090,,
309,5/4/2023,,,,,,,"???? ??????? ??? ??? ?????? ??????? ???? ??????? ???? ????? 10325																											
 ???????? ??? ???????? ??? ?????? ??????? ??????? ??????? ????? ?????.",?.?,,,?.?,5/4/2023,,??? ???? ????? 23-5-2023,090,,
310,5/8/2023,?.?,6973-20,9/5/2023,?,1-280,,"????? ???? ????? ????? IDM -  -???  50  (9000Mbps)  ?????? 5/ 5/ 2023?",?.?,,,?.?,5/15/2023,,,090,,
311,5/8/2023,,,,,,,"???? ???????? ??? ??? ?????? ???? ?????? ???? ?????? ??????? ???????? ?																											???? ????? ?????? ?????.																											---- ??? ??? ????? ????? ??? ????",?.?,,,? ?,5/9/2023,,????,16,,
312,5/9/2023,,,,,,,????? ??? ??????? ????? 8-5-2023,?.?,,,?.?.,5/9/2023,,,2,,
313,5/9/2023,,,,,,,???? ??????? 3-5-2023 ????,?.?,,,?.?.,5/9/2023,,,2,,
314,5/9/2023,,,,,,,"????? ???????? ??? ????? ???? ???????? ???? ????? ????? ?? ???? 25 ?????																											 ???? ??????? ?????? ??????? ?????????																											 ?1 - ????? ????? ????
?2 - ???? ???? ?????																											 ?3 - ???? ???? ????? ????????? ??????																											 ?4 - ??? ???? ????? ??????? ??????? ????? ????????.",?.?,,,?.?,5/11/2023,,,090,,
315,5/9/2023,,,,,,,"???? ???????? ??? ??? ?????? ???? ?????? ???? ?????? ??????? ???????? ? 																											???? ??? ????? ?????? ???????? ????? ????? ????? ???? ???????? ?? ?????? ????																											
 ?????? ????  ?? ????? ????.																																																 ?????? : ?? ??? ??????? ????????? ???? ????? ? 200 ??? ???? ??????? ??? ?????																											 ???? ???????? ???????? (??????? ????)",?.?,,,? ?,5/9/2023,,????,16,,
316,5/10/2023,,,,,,,"?????? ???????? ???? ????? ???? ???????? ???????? ??????? ?????? ??																											
?????? ???????? ???? ?? ??? ????? /2023.",?.?,,,?.?.,5/10/2023,,,2,,
317,5/10/2023,?.?,2036,5/5/2023,?,1-218,,????? ????? ????? ????? ??????? ??????????? - ??? ???? ????? 16-5-2023 ?,?.?,,,,,,,90,,
318,5/10/2023,?.?,5076-22,5/5/2023,?,1-272,,??? ???? ?? ????? MIC1,?.?,,,,,,,90,,
319,5/10/2023,?.?,943-22,5/5/2023,?,1--274,,??? ??? ????? ????? ????? ?????,?.?.,,,,,,,90,,
320,5/10/2023,??,147,5/4/2023,?.?,80-1-2017,,???? ????? ???? ???????? - ??? ???? - ??????? ???? Vanrise ??? 80-1-2017,?.?.,,,??,5/16/2023,,??? ?? ?????? ??? ?????,090,,
321,5/10/2023,?.?,2032,5/5/2023,?,2-88,,????? ??? ???? ????? e1-pri  ?????? ???? ?????? ?????? ??????,?.?.,,,,,,,090,,
322,5/10/2023,?.?,2033,5/5/2023,?,2-78,,????? ??? ???? ????? e1-pri  ?????? ???? Spiced & Sliced,?.?.,,,,,,,090,,
323,5/10/2023,?.?,1893,4/28/2023,,,,???? ???? ???? ??????? ????? ????? ???????,?.?,,,??,5/10/2023,,,090,,
324,5/10/2023,?.?,2084,5/9/2023,,,,??? ???? ??? ??????? E1-PRI ?????? ???????,?.?.,,,,,,,090,,
325,5/15/2023,?.?,2110,5/10/2023,,,,??? ???? ?????? Terranet ???? ????? ????? ????? ????????,?.?,,,??,5/15/2023,,????? ???? ???? ??? ????????,090,,
326,5/15/2023,,,,,,,"????? ???? ????? ???? ??????? ??????? ???? 4 - 2023 ????																											
 ???????? ???????? ????? ?????? ?? ?????? ????????.",?.?,,,?.?.,5/15/2023,,,2,,
327,5/15/2023,,,,?.?.,,,???? 15-5-2023,?.?,,,?.?.,5/16/2023,,,2,,
328,5/15/2023,?.?,197-21,5/12/2023,?,1-222,,"????? ????? EARTHLINKS - ???? ???? ?????? 17-5-2023 - ???  5  (200Mbps)  ?????? 18/ 5/ 2023?",?.?,,,?.?,5/19/2023,,,090,,
329,5/15/2023,?.?,217,5/5/2023,?,1-265,,??? ????? Erga Group,?.?,,,?.?,6/12/2023,,?????,090,,
330,5/15/2023,?.?,375,5/3/2023,?,1-239,,????? ???? ????? ????? FIBER WAVES - ????? 200M Capacity No6 - Executed 01/06,?.?,,,?.?,6/5/2023,,,090,,
331,5/15/2023,?.?,953,5/5/2023,?,1-260,,???? ????? ISP ?? DSP ?????? ???? ?????? ????,?.?,,,??,5/16/2023,,?????,090,,
332,5/15/2023,?.?,1019-22,5/5/2023,?,1-261,,????? ???? ????? Sodetel ?? Berytech,?.?,,,?.?,5/15/2023,,?????,090,,
333,5/15/2023,?.?,1523,5/4/2023,?,1-193,,??? ???? ???? Northen Telecom ?? Ogero Cache,?.?,,,,,,,090,,
334,5/15/2023,?.?,1760-21,5/5/2023,?,1-263,,"????? ????? Fiber Networks Services ???? ???? ?????? 23-5-2023 - ?  ???  5  (400Mbps)  ?????? 24/ 5/ 2023?",?.?,,,?.?,5/24/2023,,,090,,
335,5/15/2023,?.?,2039,5/5/2023,?,1-264,,??? ???? ???? Fiber Waves ?? Ogero Cache,?.?,,,,,,,090,,
336,5/15/2023,?.?,2055,5/8/2023,,,,??? ????? Cableone   Net360 - Leased Line- ??????? ????,?.?,,,?.?,5/16/2023,,,090,,
337,5/15/2023,?.?,2058,5/8/2023,,,,??? ???? Cableone  - Leased Line - ??? ??????? ????? - ??????? ????,?.?,,,?.?,5/16/2023,,,090,,
338,5/15/2023,?.?,2059,5/8/2023,,,,??? ???? Cableone  - Leased Line - ??? ?? ????? ???? ??????- ??????? ????,?.?,,,?.?,5/16/2023,,,090,,
339,5/15/2023,?.?,2060,5/8/2023,,,,??? ???? Cableone  - Leased Line - ??? ??????? ???????- ??????? ????,?.?,,,?.?,5/16/2023,,,090,,
340,5/15/2023,?.?,2061,5/8/2023,,,,??? ???? Cableone  - Leased Line - ??? ?? ????? ???????- ??????? ????,?.?,,,?.?,5/16/2023,,,090,,
341,5/15/2023,?.?,2064,5/8/2023,,,,??? ????? Cableone  - Leased Line - ??? ?? ????? ????????- ??????? ????,?.?,,,?.?,5/16/2023,,,090,,
342,5/15/2023,?.?,2066,5/8/2023,,,,??? ???? Cableone  - Leased Line - ??? ??????? ? ????- ??????? ????,?.?,,,?.?,5/16/2023,,,090,,
343,5/15/2023,?.?,2067,5/8/2023,,,,??? ???? Cableone  - Leased Line - ??? ?? ????? ??????? - ??????? ????,?.?,,,?.?,5/16/2023,,,090,,
344,5/15/2023,?.?,2068,5/8/2023,,,,??? ???? Cableone  - Leased Line - ??? ??????? ? ???- ??????? ????,?.?,,,?.?,5/16/2023,,,090,,
345,5/15/2023,?.?,2069,5/8/2023,,,,??? ???? Cableone  - Leased Line - ??? ??????? ??????- ??????? ????,?.?,,,?.?,5/16/2023,,,090,,
346,5/15/2023,?.?,2163,9/12/2023,?,1-180,,"????? ???? ????? ????? WIMAX - ????? --- ???  2  (100Mbps)  ?????? 16/ 5/ 2023?",?.?,,,?.?,5/16/2023,,,090,,
347,5/15/2023,?.?,2175,5/12/2023,?,1-221,,????? ????? ?.?.? ???? ???? ?????? 23-5-2023 - ?????? ??????? - 5/16/2023,?.?,,,??,5/30/2023,,?????,090,,
348,5/15/2023,?.?,2176,5/12/2023,?,1-279,,"????? ????? ??????? ?????? ???????????? ???? ?????? 23-5-2023 --- ?????? ??????? 5/23/2023 ---  ??? 1 (60Mbps)? Dedicated Premium ?????? 31/ 5/ 2023?",?.?,,,?.?,5/31/2023,,,090,,
349,5/15/2023,?.?,7064-20,5/5/2023,?,1-262,,????? ????? ??? ?? - ???? ???? ?????? 20-6-2023,?.?,,,,,,?????,090,,
350,5/16/2023,,,,,,,"???? ??????? ??? ???? ????? ???? UTP ???? ???? ????????? ???? ??? ???? 																											
??? ????? ?????? ??? ???? Ericsson ?? VPN ??????? ??????? 																											
 ?? ?????",?.?,,,?.?,5/16/2023,,?? ????? 29-5-2023,19,,
351,5/16/2023,,,,,,,"???? ??????? ??? ???? ????? ???? UTP ??? ???? ????????? ??????? ?????? ??  																											
???? ??? ????? ???????  ?????? 																											
 ?? ?????",?.?,,,?.?,5/16/2023,,,19,,
352,5/17/2023,?.?,2235,5/16/2023,?,1-286,,??? ???? ????? ????? B-Smart Net - ???? ????? ???? 20-6-2023 ????? - ?????? ??????? 5/18/2023 - ???? ???? ?????? 20-6-2023,?.?,,,,,,,090,,
353,5/17/2023,?.?,3991-21,5/10/2023,,,,??? ???? ???? GDS - DSP ??? Impact BBDO SAL - ??????? ????,?.?,,,?.?,5/17/2023,,,090,,
354,5/17/2023,?.?,5982-22,5/16/2023,?,1-291,,??? ???? ???? Sodetel ????? ????? DSLAM,?.?,,,,,,,090,,
355,5/18/2023,?.?,1623-22,5/16/2023,?,1-290,,????? ?? ????? MIC1,?.?,,,,,,?????,090,,
356,5/18/2023,?.?,5656-21,5/16/2023,?,1-210,,"????? ????? ????? ???????? - ??? 2 (40Mbps)? Dedicated Premium ?????? 15/ 6/ 2023?",? . ?,,,?.?,6/16/2023,,?????,090,,
356,5/24/2023,,,,,,,"???? ???????? ??? ??? ?????? ???? ?????? ???? ?????? ??????? ???????? ? 																											???? ??? ????? ?????? ???????? ????? ????? ????? ???? ???????? ?? ?????? ????																											
 ?????? ????  ?? ????? ????.																																											 ?????? : ?? ??? ??????? ????????? ???? 945,000 ???? ??????? ??? ?????																											  ???? ???????? ???????? (??????? ????)",?.?,,,? ?,5/24/2023,,,090,,
357,5/18/2023,?.?,2239,5/16/2023,?,2-95,,????? ??? ???? ????? e1-pri  ?????? ???? ??? ?????,?.?.,,,,,,,090,,
358,5/18/2023,?.?,2018,5/5/2023,?,1-268,,??? ???? ???? Mnets ?? Ogero Cache - ???????,?.?,,,,,,?????,090,,
359,5/18/2023,?.?,2018,5/5/2023,,,,??? ???? ???? Mnets ?? Ogero Cache - ???????,?.?,,,,,,?????,090,,
360,5/18/2023,?.?,613,5/16/2023,?,1-289,,????? ?? ?? ????? ???? 2 ??? ????? ??? ????? ???????,?.?,,,,,,,090,,
361,5/18/2023,,,,,,,,,,,,,,,,,
362,5/18/2023,,,,?.?,,,???? ?????? 19-5-2023,,,,?.?.,5/18/2023,,,2,,
363,5/18/2023,?.?,2251,5/17/2023,? ?,2023-13,,????? ?????? ???? 25-5-2023,?.?,,,??,5/18/2023,,,090,,
364,5/19/2023,?.?,2285,5/17/2023,,,,??? ???? ??????? ????? ???? ????????? ?? ???? CD  ????? ??Word - ???? ???????,?.?,,,??,5/19/2023,,,090,,
365,5/19/2023,?.?,2274,5/17/2023,,,,???? ??????? ????????? ????????? - ??? ????? DSL ??? ?????? ?????? ?????? ??????,?.?,,,??,5/19/2023,,,090,,
366,5/19/2023,?.?,2301,5/19/2023,,,,????? ?????? ?????? ????? 2024 - ???? ?? ????? excel 26-5-2023,?.?,,,?.?,6/16/2023,,,090,,
367,5/23/2023,,,,,,,"?????? ???????? ????? ???? ????"" ??????? ?????? ?????? ????????? 																											 ????? ????? ?? ??? ????? / 2023? ?????? ??????? ??????? 																											 ??????? ??????? ????????.",?.?,,,? ?,5/23/2023,,,090,,
368,5/23/2023,,,,?.?,,,???? ???? 26-5-2023,?.?,,,?.?.,5/23/2023,,,2,,
369,5/23/2023,?.?,1782,5/19/2023,?,1-305,,??? ???? ???? ????? MIC2 - ???? ????,?.?,,,,,,?????,90,,
370,5/23/2023,,,,,,,"???? ???????? ??? ??? ?????? ???? ?????? ???? ?????? ??????? ???????? ?																											???? ????? ?????? ?????.																											
???? ???????? ??? ??? ?????? ???? ?????? ???? ?????? ??????? ???????? ?																											
???? ????? ?????? ?????.",,,,? ?,5/23/2023,,????,16,,
371,5/23/2023,?.?,626,5/19/2023,?,2-97,,????? ????? ??? ???? ????? e1-pri  ?????? ???? ????? ?????,?.?.,,,,,,,090,,
372,5/23/2023,?.?,626,5/19/2023,?,2-98,,????? ??? ???? ????? e1-pri  ???? ????? ?????,?.?.,,,,,,,090,,
373,5/23/2023,?.?,4471-18,5/8/2023,?.?,70-2018,,??? 70-?.?-2018 ????? DWDM / OTN -???? 80,?.?,,,??,5/23/2023,,,090,,
374,5/23/2023,?.?,2333,5/19/2023,?,1-217,,????? ??????? ?????? ?????? ??????????? ?? ????? - ???? ??????? ?????,?.?,,,,,,?????,90,,
375,5/23/2023,?.?,2317,5/19/2023,,,,MIC1 - NFEISSE ?? ADMA - ???? UPGRADE 1000 Lease line,?.?,,,?.?,5/23/2023,,,090,,
376,5/23/2023,?.?,2318,5/19/2023,,,,??? CableOne ?? ????? - ?????? Leased Line-?????? ??????? 5/23/2023 - ???? ????  ??????? ???? ???? ?????,?.?,,,?.?,6/9/2023,,,090,,
377,5/23/2023,?.?,2319,5/19/2023,,,,??? CableOne ?? ????? - ??? ????? Leased Line-?????? ??????? 5/23/2023 - ???? ????  ??????? ???? ???? ?????,?.?,,,?.?,6/9/2023,,,090,,
378,5/23/2023,?.?,2320,5/19/2023,,,,??? CableOne ?? ????? - ???? ???? Leased Line-?????? ??????? 5/23/2023 - ???? ????  ??????? ???? ???? ?????,?.?,,,?.?,6/9/2023,,,090,,
379,5/23/2023,?.?,2321,5/19/2023,,,,??? CableOne ???? - ??????? ????? Leased Line -?????? ??????? 5/23/2023 - ???? ????  ??????? ???? ???? ?????,,,,?.?,6/9/2023,,,090,,
380,5/23/2023,?.?,2322,5/19/2023,,,,??? CableOne ???? - ???? Leased Line-?????? ??????? 5/23/2023 - ???? ????  ??????? ???? ???? ?????,,,,?.?,6/9/2023,,,090,,
381,5/23/2023,?.?,2323,5/19/2023,,,,??? CableOne ?? ????? - ???????? Leased Line -?????? ??????? 5/23/2023 - ??????? ???? ???? ?????,,,,?.?,6/9/2023,,,090,,
382,5/23/2023,?.?,2325,5/19/2023,,,,??? CableOne ?? ????? - ???? ?????? Leased Line-?????? ??????? 5/23/2023 - ???? ????  ??????? ???? ???? ?????,?.?,,,?.?,6/9/2023,,,090,,
383,5/23/2023,?.?,2326,5/19/2023,,,,??? CableOne ?? ????? - ?????? ??????? Leased Line-?????? ??????? 5/23/2023 - ???? ????  ??????? ???? ???? ?????,,,,?.?,6/9/2023,,,090,,
384,5/23/2023,?.?,2329,5/19/2023,,,,??? CableOne ???? - ????? Leased Line-?????? ??????? 5/23/2023 - ???? ????  ??????? ???? ???? ?????,,,,?.?,6/9/2023,,,090,,
385,5/23/2023,?.?,2330,5/19/2023,,,,??? CableOne ?? ????? - ????? Leased Line-?????? ??????? 5/23/2023 - ???? ????  ??????? ???? ???? ?????,,,,?.?,6/9/2023,,,090,,
387,5/24/2023,,,,,,,"???? ???????? ??? ??? ?????? ???? ?????? ???? ?????? ??????? ???????? ? 																											???? ??? ????? ?????? ???????? ????? ????? ????? ???? ???????? ?? ?????? ????																											
 ?????? ????  ?? ????? ????.																											 														?? ??? ??????? ????????? ???? 945,000 ???? ??????? ??? ?????																											  ???? ???????? ???????? (??????? ????)",?.?,,,? ?,5/24/2023,,paid,19,,
388,5/24/2023,,,,,,,??? ???? ??? ?????? ???? ????,?.?,,,?.?.,5/24/2023,,,2,,
389,5/26/2023,,,,,,,"???? ????? ??????? ???? (Desktop ??Screen ? ... ) ??? 1 																											
???????? ???? ??????? ( 30603 )  ???? ?????? ???????? ??? ?????.",?.?,,,??,5/26/2023,,,56,,
390,5/29/2023,?.?,74,5/24/2023,?,1-295,,????? ???? ?????? ?????  ????? ????????,?.?,,,??,5/30/2023,,?????,090,,
391,5/29/2023,?.?,1738,5/26/2023,?,2-108,,????? ????? ??? ???? ????? e1-pri  ?????? ???? ??????? ?????????,?.?.,,,,,,,090,,
392,5/29/2023,?.?,2436,5/26/2023,?,2-113,,?????? ??? ???? ????? e1-pri  ?????? ????? ?????? ?????? ????????? ?????? ???????,?.?.,,,,,,,090,,
393,5/29/2023,?.?,2437,5/26/2023,?,2-110,,????? ??? ???? ????? e1-pri  ?????? ?????? ??????? ?????? ?????? ??? ???,?.?.,,,,,,,090,,
394,5/29/2023,?.?,2438,5/26/2023,?,2-109,,????? ??? ???? ????? e1-pri  ?????? ?????,?.?.,,,,,,,090,,
395,5/29/2023,?.?,3782,5/25/2023,?,2-104,,????? ????? ??? ???? ????? e1-pri  ?????? ???? ???? ?????? ??????,?.?.,,,,,,,090,,
396,5/29/2023,?.?,4156,5/25/2023,?,2-105,,????? ????? ??? ???? ????? e1-pri  ?????? ???? ????? ???????? ??????,?.?.,,,,,,,090,,
397,5/29/2023,?.?,5910,5/26/2023,?,2-114,,????? ????? ??? ???? ????? e1-pri  ?????? ???? ?????? ?????? ????????,?.?.,,,,,,,090,,
398,5/29/2023,?.?,5910,5/25/2023,?,2-115,,????? ??? ???? ????? e1-pri  ???? ?????? ?????? ????????,?.?.,,,,,,,090,,
399,5/29/2023,?.?,6076,5/25/2023,?,2-106,,????? ????? ??? ???? ????? e1-pri  ?????? ???? ????? ????? ?????? - METAC,?.?.,,,,,,,090,,
400,5/29/2023,?.?,6076,5/25/2023,?,2-107,,????? ??? ???? ????? e1-pri   ???? ????? ????? ?????? - METAC,?.?.,,,,,,,090,,
401,5/30/2023,,,,?.?,,,???? ????? ???????? 30-5-2023,?.?,,,?.?.,5/30/2023,,,2,,
402,5/30/2023,,,,?.?,,,??? ?????? ??????? 29-5-2023,?.?,,,?.?.,5/30/2023,,,2,,
403,5/30/2023,?.?,2445,5/26/2023,,,,????? ??? ????? ??????? ???? fiber optic  ?????? vpn layer2,?.?,,,?.?,6/1/2023,,,090,,
404,5/30/2023,?.?,2446,5/26/2023,,,,MIC2 inter core links redundancy - saida - tripoli tall,?.?,,,?.?,5/31/2023,,,090,,
405,6/1/2023,?.?,6594-21,1/20/2023,?,1-23,,????? ?? ????? ???? MIC2 - ????? - ??????? - Executed 04/06,?.?,,,?.?,6/5/2023,,,090,,
406,6/1/2023,?.?,6594-21,1/20/2023,?,1-24,,????? ?? ????? ???? MIC2 - ????? - ????,,,,?.?,6/1/2023,,,90,,
407,6/1/2023,,,,,,,"???? ??????? ??? ???? ????? ??? ??? ???? ???? ??????? ???? ?????? 																											
????????.",?.?,,,? ?,6/1/2023,,pc ????,24,,
408,6/1/2023,?.?,3650,5/30/2023,?,1-309,,????? ???? ????? ????? ??? ????? ???????? ?????????,?.?.,,,,,,,090,,
409,6/1/2023,?.?,5519-19,5/29/2023,,,,??????? ??? ??? ????? IP/MPLS Ph3 - nokia,?.?,,,?.?,6/13/2023,,,090,,
410,6/1/2023,,,,,,,??? ???? ??? ???? ?? ?????? ??? ???????? - ?????? ??? PSTN,?.?,,,?.?,6/7/2023,,????? ????? ?????? ?????,2,,
411,6/7/2023,,,,,,,"???? ???????? ??? ??? ??? ???? ???? ?????? ??????? 1742 ? ???????																											  ??????? ???????? ? ?? ??? 6 ?? ????? 2023.																											
???? ????? : - ?????? ????? (????? ???? ??????? ??? ?? ???)",?.?,,,? ?,6/7/2023,,paid,16,,
412,6/7/2023,,,,,,,"???? ??? ????? ???? ??? ??? ?? ???? ?????? (??????? ??????? ???? ????) 																											
?????? 7 / 6 / 2023.",?.?,,,?.?.,6/7/2023,,?? ???? ?????,2,,
413,6/7/2023,,,,,,,"???? ???????? ??? ??? ?????? ???? ?????? ???? ?????? ??????? ???????? ? 																											?????? : ?? ??? ??????? ????????? ???? 747,000 ???? ??????? ??? ?????",?.?,,,? ?,6/7/2023,,paid,16,,
414,6/7/2023,?.?,4048-19,5/30/2023,?,1-314,,??? ???? ???? ?????? ?????????,?.?,,,,,,,90,,
415,6/7/2023,,,,,,,"???? ???????? ??? ??? ??? ????? ???? ??????? ???????? ?? 																											
????? 4 ? 5/ 2023 ? ????? ???? ?????.",?.?,,,? ?,6/7/2023,,,16,,
416,6/9/2023,,,,,,,"?????? ???????? ???? ????? ???? ???????? ???????? ??????? ?????? ??																											
?????? ???????? ???? ?? ??? ???? /2023.",?.?,,,?.?.,6/9/2023,,,2,,
417,6/9/2023,,,,,,,"???? ???????? ??? ??? ?????? ???? ?????? ???? ?????? ??????? ???????? ?																											
???? ????? ?????? ?????.",?.?,,,? ?,6/9/2023,,,16,,
418,6/9/2023,?.?,2551,6/5/2023,,,,???? ???? ????? ?????? ??????? ?? ??? ???? ????? ?????? ?????,?.?,,,??,6/9/2023,,,090,,
419,6/9/2023,,,,,870-2022,,??? 22016 ?????? ???? ????? BNG-SAS BATCH 1-2 IP/MPLS PHASE 1-12,?.?,,,,,,,090,,
420,6/13/2023,,,,,,,"????? ???? ????? ???? ??????? ??????? ???? 5 - 2023 ????																											
 ???????? ???????? ????? ?????? ?? ?????? ????????.",?.?,,,?.?.,6/13/2023,,,2,,
421,6/13/2023,?.?,12,,,,,????? ???? ??????? ??????? ????? ????? ?? ?????? ????? 12/6/2023 ?????? 16/6/2023,?.?,,,??,6/13/2023,,,090,,
422,6/13/2023,?.?,2568,6/5/2023,?,2-117,,????? ??? ???? ????? e1-pri  ?????? ???? ICONNECT,?.?.,,,,,,,090,,
423,6/13/2023,?.?,2569,6/5/2023,?,2-118,,????? ??? ???? ????? e1-pri  ?????? ????  MAD GRILL,?.?.,,,,,,,090,,
424,6/13/2023,,,,?.?,,,???? ????? 14-6-2023 ????,?.?,,,?.?.,6/13/2023,,,2,,
425,6/14/2023,,,,,,,"???? ???????? ??? ??? ?????? ???? ?????? ???? ?????? ??????? ???????? ? 																											
???? ??? ????? ?????? ???????? ????? ????? ????? ???? ???????? ?? ?????? ????																											
 ?????? ????  ?? ????? ????.",?.?,,,? ?,6/14/2023,,,090,,
426,6/15/2023,,,,,,,"???? ????? ???? Fiber Optic Multimode ?? ODF 24 ??? ???? 																											
MIC2 ? ???? ??? Transmission ?? ?????? ??????? ? ???????.",?.?,,,?.?,6/15/2023,,,091,,
427,6/15/2023,?.?,2144-22,6/7/2023,?,1-308,,????? Terranet 28 ?? ???? 2 ???,?.?,,,,,,,090,,
428,6/15/2023,?.?,2577,6/5/2023,,,,??? ???? CLOUDSP ????? ???? ????? E1 - 1800 --- ??? ???? ????????? ??????,?.?,,,?.?,6/15/2023,,,090,,
429,6/15/2023,?.?,2628,6/14/2023,,,,??? ????? ???? GPON ??? ?????? ????? ????? ??????? ?????? VLAN 911,?.?,,,??,6/15/2023,,,090,,
430,6/15/2023,,,,,,,??? ??????? ?? ???? ?????? ?????? ?????? ????? ????? ?????? ?????? ???? ?????,?.?,,,?.,6/15/2023,,,090,,
431,6/15/2023,,,,,,,"???? ????? ???? Fiber Patch Cord SM  ??? ????  ??? Nokia SAS 																											
?? ????? ????? IP/MPLS Router ?? ??????? ?????? ?????? ???????? 																											
?? ????? ???????? ??????? .",?.?,,,?.?,6/15/2023,,,090,,
432,6/15/2023,?.?,2673,6/13/2023,?,1-219,,????? ????? ???? ??????? ??????? - ???? ????? - ???? ???? ?????? 20-6-2023,?.?,,,?.?,6/15/2023,,????,90,,
433,6/15/2023,?.?,569,6/12/2023,?,1-319,,????? ???? ?????? ?????,?.?,,,??,6/15/2023,,,090,,
434,6/15/2023,?.?,2606,6/7/2023,?,2-4,,??? ???? ????? ??????? ?? ????? ????????? ???? ????? ???????? ???? ????? ???? ???? ??????,?.?,,,??,6/15/2023,,,090,,
435,6/19/2023,,,,,,,??? ???? 19-6-2023,?.?,,,?.?.,6/19/2023,,,2,,
436,6/19/2023,,,,,,,???? ????? 19=6-2023,?.?,,,?.?.,6/20/2023,,,2,,
437,6/20/2023,,,,,,,???? ????? ??????? 14-6-2023 ??? 16-6-2023,?.?,,,?.?.,6/20/2023,,,2,,
438,6/20/2023,,,,,,,???? ????? ?? 26 ??? 7 - 7 ????,?.?,,,?.?.,6/20/2023,,,2,,
439,6/20/2023,?.?,208,6/15/2023,?,2-124,,????? ????? ??? ???? ????? e1-pri  ?????? ???? ?? ?? ?????,?.?.,,,,,,,090,,
440,6/20/2023,,,,,,,???? ??????? ??? ????? ?????? ???? ??????? ????? ?????? ??????? ?? ?????? ????????,?.?,,,?.??,6/20/2023,,,19,,
441,6/20/2023,?.?,370,6/5/2023,,,,????? ???? ????? Masco Group - ?????? ???? - ??????  ??? - ?????,?.?,,,?.?,6/20/2023,,,090,,
442,6/20/2023,?.?,2371-20,6/2/2023,,,,??? ???? ??????? ????? 5 ??? ????? CLOUDSP - ??? ???? ?????????,?.?,,,?.?,6/20/2023,,,090,,
443,6/20/2023,?.?,2517,6/1/2023,,,,??? ??????? ??????? ????? GDS ????? ????  - ???? ????- ??????? ???? ?,?.?,,,?.?,6/20/2023,,,090,,
444,6/20/2023,?.?,2518,6/1/2023,,,,??? ?? ??? ??? ?????? ?????? ?? POP ????? ????? ????? - ??????? ???? ?,?.?,,,?.?,6/20/2023,,,090,,
445,6/20/2023,?.?,2519,6/1/2023,,,,??? ?? ??? ??? ?????? ?????? ?? POP ????? ????? ??????? - ??????? ???? ?,?.?,,,?.?,6/20/2023,,,090,,
446,6/20/2023,?.?,2520,6/1/2023,,,,??? ?? ??? ??? ?????? ?????? ?? POP ????? ????? ?????? - ??????? ???? ?,?.?,,,?.?,6/20/2023,,,090,,
447,6/20/2023,,,,,,,"?????? ???????? ????? ???? ????"" ??????? ?????? ?????? ????????? 																											 ????? ????? ?? ??? ???? / 2023? ?????? ??????? ??????? 																											  ??????? ??????? ????????.",?.?,,,?.?.,6/20/2023,,,16,,
448,6/20/2023,?.?,5909-22,6/3/2023,?,1-325,,????? ???? 578-1-2022 C BEYOND,?.?,,,?.?,6/20/2023,,,90,,
449,6/20/2023,?.?,2718,6/15/2023,,,,??? ????? ??????? ????? E1,?.?.,,,,,,,090,,
450,6/20/2023,?.?,6228,6/2/2023,,,,??? ???? VPN ?? ???? GDS  ?????,,,,,,,,,,
